store_id,amount
0,40.229333158464335
1,34.14195843686095
2,2007226.9729129502
4,41.091954216944075
5,2007226.9729129502
6,2007226.9729129502
7,2007226.9729129502
8,2007226.9729129502
9,2007226.9729129502
10,39.160926624787926
11,2007226.9729129502
12,2007226.9729129502
13,40.93274788067353
14,45.7758537049156
15,2007226.9729129502
16,2007226.9729129502
17,37.39436884093663
18,2007226.9729129502
19,42.46524940814649
20,2007226.9729129502
22,36.01413937344387
23,2007226.9729129502
24,2007226.9729129502
25,2007226.9729129502
26,2007226.9729129502
27,42.96409694260572
28,41.993597084734866
29,41.21624990162244
30,2007226.9729129502
31,39.999466011383376
32,2007226.9729129502
33,2007226.9729129502
34,2007226.9729129502
35,2007226.9729129502
36,45.165666116138716
37,42.46876118313559
38,2007226.9729129502
40,2007226.9729129502
41,43.397775667522495
42,2007226.9729129502
43,2007226.9729129502
45,2007226.9729129502
46,45.7158511783999
47,41.284140651842804
48,41.15796122204804
49,2007226.9729129502
50,41.43873833308567
51,41.22169856299615
52,2007226.9729129502
53,2007226.9729129502
54,2007226.9729129502
55,2007226.9729129502
57,2007226.9729129502
58,39.3739743410064
59,44.99939125507936
60,2007226.9729129502
61,2007226.9729129502
62,2007226.9729129502
64,2007226.9729129502
66,2007226.9729129502
67,2007226.9729129502
68,2007226.9729129502
69,2007226.9729129502
70,44.06044537842662
71,2007226.9729129502
72,2007226.9729129502
73,2007226.9729129502
74,2007226.9729129502
75,2007226.9729129502
76,45.38767784286662
77,39.256581082936506
78,40.733886682377786
79,36.59388285858321
80,38.723070841563064
81,2007226.9729129502
82,40.78192602763953
83,42.807768820240256
84,2007226.9729129502
85,2007226.9729129502
86,2007226.9729129502
87,2007226.9729129502
88,2007226.9729129502
89,40.84304025368627
90,2007226.9729129502
91,2007226.9729129502
92,42.04495097680197
93,2007226.9729129502
94,2007226.9729129502
95,2007226.9729129502
96,2007226.9729129502
97,2007226.9729129502
98,40.95289940040159
99,2007226.9729129502
100,2007226.9729129502
101,2007226.9729129502
102,38.16132111426244
103,37.46635354028558
104,43.5370189611027
105,2007226.9729129502
106,2007226.9729129502
107,2007226.9729129502
108,2007226.9729129502
109,40.854743871726924
110,42.4473274436422
111,2007226.9729129502
112,2007226.9729129502
113,2007226.9729129502
114,2007226.9729129502
115,2007226.9729129502
116,2007226.9729129502
117,41.0472455577148
118,2007226.9729129502
119,2007226.9729129502
120,41.80753406087771
121,2007226.9729129502
122,2007226.9729129502
123,2007226.9729129502
125,2007226.9729129502
126,2007226.9729129502
127,2007226.9729129502
128,2007226.9729129502
129,36.86136396488255
130,41.76226385954221
131,2007226.9729129502
132,41.54906984821902
133,35.107463627285426
134,2007226.9729129502
136,2007226.9729129502
137,2007226.9729129502
138,2007226.9729129502
139,39.85371168658228
141,2007226.9729129502
142,43.020020842635304
143,39.97402322202821
144,2007226.9729129502
145,46.28668261380396
146,2007226.9729129502
148,36.140607416145215
149,39.938677225363314
150,2007226.9729129502
151,2007226.9729129502
152,42.984059252891036
153,2007226.9729129502
154,46.31643456307664
156,2007226.9729129502
157,2007226.9729129502
159,2007226.9729129502
160,2007226.9729129502
161,2007226.9729129502
162,2007226.9729129502
164,43.84653229543902
165,2007226.9729129502
166,2007226.9729129502
167,2007226.9729129502
168,2007226.9729129502
169,2007226.9729129502
170,2007226.9729129502
171,2007226.9729129502
172,2007226.9729129502
173,2007226.9729129502
174,2007226.9729129502
175,2007226.9729129502
176,2007226.9729129502
177,38.299415992524125
178,43.75403664151871
179,41.29326231009685
180,2007226.9729129502
181,2007226.9729129502
182,2007226.9729129502
183,43.66348640310006
184,2007226.9729129502
185,2007226.9729129502
186,2007226.9729129502
187,2007226.9729129502
188,2007226.9729129502
189,41.30266771479441
190,46.698587289021276
192,39.33872102059699
193,2007226.9729129502
194,2007226.9729129502
195,2007226.9729129502
196,2007226.9729129502
197,2007226.9729129502
198,2007226.9729129502
199,2007226.9729129502
200,2007226.9729129502
201,2007226.9729129502
202,2007226.9729129502
203,2007226.9729129502
204,42.87745955923689
205,2007226.9729129502
206,41.611280519511666
207,2007226.9729129502
208,41.70988032770354
209,2007226.9729129502
210,2007226.9729129502
211,2007226.9729129502
212,2007226.9729129502
213,43.44406510370386
214,2007226.9729129502
215,2007226.9729129502
216,2007226.9729129502
217,39.50439179816763
218,2007226.9729129502
219,2007226.9729129502
221,2007226.9729129502
222,40.167211389033014
223,40.57740380912657
224,2007226.9729129502
225,41.57034063712865
226,2007226.9729129502
227,2007226.9729129502
228,2007226.9729129502
229,2007226.9729129502
230,2007226.9729129502
231,2007226.9729129502
232,2007226.9729129502
233,2007226.9729129502
234,2007226.9729129502
235,37.088395552822476
236,39.65076394386266
237,2007226.9729129502
238,40.54958115084787
239,46.42320144993431
240,2007226.9729129502
241,40.93058709152768
243,43.840037157626575
245,38.01492477271224
246,2007226.9729129502
247,45.24263201092734
248,40.2726895454597
249,41.08244248249474
250,2007226.9729129502
251,2007226.9729129502
252,39.60217749393934
253,2007226.9729129502
254,2007226.9729129502
255,37.75001186165652
256,42.08868519666964
257,2007226.9729129502
258,2007226.9729129502
259,46.291942064709104
260,2007226.9729129502
262,40.757410188419776
264,2007226.9729129502
265,2007226.9729129502
266,2007226.9729129502
267,2007226.9729129502
268,2007226.9729129502
269,37.41667302481975
270,2007226.9729129502
271,2007226.9729129502
272,2007226.9729129502
273,2007226.9729129502
274,2007226.9729129502
275,2007226.9729129502
276,2007226.9729129502
277,2007226.9729129502
278,2007226.9729129502
279,2007226.9729129502
280,42.28261913370383
281,41.60437562669253
282,42.285708260584855
283,2007226.9729129502
284,2007226.9729129502
285,2007226.9729129502
286,2007226.9729129502
287,36.81192682021002
288,2007226.9729129502
289,2007226.9729129502
290,42.38400566426749
291,2007226.9729129502
293,43.45970486529886
294,41.55338530248415
295,2007226.9729129502
296,2007226.9729129502
298,46.03659064283763
299,2007226.9729129502
300,2007226.9729129502
301,2007226.9729129502
302,2007226.9729129502
303,42.73163365529618
304,2007226.9729129502
305,2007226.9729129502
306,2007226.9729129502
307,2007226.9729129502
308,2007226.9729129502
309,39.06813069305965
310,2007226.9729129502
311,2007226.9729129502
312,2007226.9729129502
313,37.62035666829813
314,43.137535936379784
315,42.61424451313477
316,41.326939411703314
317,2007226.9729129502
318,40.24881718257934
319,2007226.9729129502
320,2007226.9729129502
321,2007226.9729129502
322,36.8723276174985
323,45.05588269556304
324,39.03581369029652
325,44.223086761059086
326,2007226.9729129502
328,2007226.9729129502
329,2007226.9729129502
330,2007226.9729129502
331,39.59616137713205
332,2007226.9729129502
333,41.02654534852073
334,2007226.9729129502
335,44.70926349596829
336,2007226.9729129502
338,41.324385753729764
339,2007226.9729129502
340,2007226.9729129502
341,2007226.9729129502
342,2007226.9729129502
343,32.83674334772888
344,2007226.9729129502
345,2007226.9729129502
347,2007226.9729129502
348,40.69200459595292
350,41.31455515143594
351,46.70626228213475
352,2007226.9729129502
353,2007226.9729129502
354,2007226.9729129502
355,40.20868870566687
356,43.443024861502835
357,2007226.9729129502
358,2007226.9729129502
359,2007226.9729129502
360,2007226.9729129502
362,39.816559490403506
363,37.74106429559973
364,2007226.9729129502
365,39.73763572577736
366,39.51519296388206
367,2007226.9729129502
368,2007226.9729129502
369,2007226.9729129502
370,40.20240561399102
371,41.44154382478216
372,2007226.9729129502
373,2007226.9729129502
374,2007226.9729129502
375,2007226.9729129502
377,39.8588621010642
378,2007226.9729129502
379,2007226.9729129502
380,34.314956114065495
381,2007226.9729129502
382,42.72603362641413
383,41.73164032990975
384,2007226.9729129502
385,41.49433187927484
386,2007226.9729129502
387,39.49530196331233
388,2007226.9729129502
389,2007226.9729129502
390,2007226.9729129502
391,2007226.9729129502
392,2007226.9729129502
393,2007226.9729129502
394,2007226.9729129502
395,2007226.9729129502
396,38.280810728015496
397,38.30238950862086
398,2007226.9729129502
399,2007226.9729129502
400,43.33331562294278
401,39.37248734585117
402,2007226.9729129502
404,2007226.9729129502
405,2007226.9729129502
406,43.85492117927397
407,2007226.9729129502
408,2007226.9729129502
409,2007226.9729129502
410,47.61924929863005
411,2007226.9729129502
412,2007226.9729129502
413,2007226.9729129502
414,43.51533393429344
415,2007226.9729129502
416,2007226.9729129502
417,40.84670886357921
418,41.61889290489161
419,43.245838177253816
421,37.52072270212832
422,2007226.9729129502
423,2007226.9729129502
425,42.61023521739706
426,2007226.9729129502
427,2007226.9729129502
429,41.9947853973959
430,2007226.9729129502
431,2007226.9729129502
433,40.322037524684184
434,2007226.9729129502
435,2007226.9729129502
436,2007226.9729129502
437,2007226.9729129502
438,2007226.9729129502
439,35.42908881312508
440,2007226.9729129502
441,2007226.9729129502
442,43.22253752770652
443,2007226.9729129502
444,39.43751392367944
445,2007226.9729129502
446,41.731037626758905
447,2007226.9729129502
448,2007226.9729129502
449,44.63089303194275
450,2007226.9729129502
451,2007226.9729129502
452,40.29943861350958
454,2007226.9729129502
455,36.30533785916006
456,2007226.9729129502
458,2007226.9729129502
459,2007226.9729129502
460,2007226.9729129502
461,40.92442528216298
462,2007226.9729129502
463,2007226.9729129502
464,44.0051732520804
465,2007226.9729129502
466,41.054516409604496
467,42.85379709866452
468,38.38339206512255
469,2007226.9729129502
470,42.94184910089666
471,2007226.9729129502
472,2007226.9729129502
473,2007226.9729129502
474,2007226.9729129502
475,40.74875299542471
476,2007226.9729129502
477,2007226.9729129502
478,2007226.9729129502
479,2007226.9729129502
480,2007226.9729129502
481,44.08006447353472
483,2007226.9729129502
484,2007226.9729129502
485,2007226.9729129502
486,2007226.9729129502
487,2007226.9729129502
488,2007226.9729129502
490,39.94691014233266
491,2007226.9729129502
492,2007226.9729129502
493,42.381839759480535
494,2007226.9729129502
495,37.88562815839246
496,41.3104529393214
497,2007226.9729129502
498,2007226.9729129502
499,2007226.9729129502
500,2007226.9729129502
501,2007226.9729129502
502,2007226.9729129502
503,2007226.9729129502
504,2007226.9729129502
505,2007226.9729129502
506,2007226.9729129502
507,38.487815572174156
508,40.796838832372494
509,42.52741423763908
510,2007226.9729129502
511,41.32783779512034
512,2007226.9729129502
513,2007226.9729129502
514,2007226.9729129502
515,2007226.9729129502
516,2007226.9729129502
517,2007226.9729129502
518,39.10832626263905
519,39.619130850322904
520,38.25908781340526
521,39.60802773009236
522,37.74228205762516
523,39.65794940170444
524,39.256575285697664
525,42.98091626417802
526,44.86984637522386
527,2007226.9729129502
528,38.09198055366411
529,43.58556653145533
530,2007226.9729129502
531,2007226.9729129502
532,2007226.9729129502
533,2007226.9729129502
534,43.06056585494635
535,2007226.9729129502
536,2007226.9729129502
537,2007226.9729129502
538,53.0229603832046
540,2007226.9729129502
541,41.73444762177395
542,41.923450050500776
543,2007226.9729129502
544,2007226.9729129502
545,2007226.9729129502
546,42.09064147331067
547,2007226.9729129502
548,40.79249336973783
549,2007226.9729129502
550,2007226.9729129502
551,39.55965692973987
552,2007226.9729129502
553,41.46596590008336
554,2007226.9729129502
555,2007226.9729129502
556,2007226.9729129502
557,2007226.9729129502
558,2007226.9729129502
559,2007226.9729129502
560,41.623919215015064
561,2007226.9729129502
562,2007226.9729129502
563,41.70100628901312
564,39.80201479345361
565,2007226.9729129502
566,2007226.9729129502
567,2007226.9729129502
568,2007226.9729129502
570,2007226.9729129502
571,2007226.9729129502
572,2007226.9729129502
573,2007226.9729129502
574,40.67307441927011
575,2007226.9729129502
576,2007226.9729129502
577,2007226.9729129502
578,2007226.9729129502
579,2007226.9729129502
580,2007226.9729129502
581,38.63449006021379
582,40.84691369570012
583,2007226.9729129502
584,38.81577608930593
585,39.64444380487939
586,2007226.9729129502
587,40.92652995249994
588,2007226.9729129502
589,2007226.9729129502
590,2007226.9729129502
591,2007226.9729129502
592,2007226.9729129502
593,2007226.9729129502
594,2007226.9729129502
595,2007226.9729129502
596,2007226.9729129502
597,38.59989433231982
598,2007226.9729129502
599,2007226.9729129502
600,2007226.9729129502
601,2007226.9729129502
602,43.42613141689285
603,2007226.9729129502
604,2007226.9729129502
605,38.32329373960947
607,41.84274795294445
608,2007226.9729129502
609,42.929620875647984
611,41.185973059246535
612,42.91561212584516
613,41.3430400828928
614,2007226.9729129502
615,45.29715642806571
616,2007226.9729129502
617,44.94877381393327
618,2007226.9729129502
619,2007226.9729129502
620,40.22712679428587
621,2007226.9729129502
622,2007226.9729129502
624,2007226.9729129502
625,2007226.9729129502
626,2007226.9729129502
627,2007226.9729129502
628,2007226.9729129502
629,2007226.9729129502
630,2007226.9729129502
631,38.73218827127172
632,2007226.9729129502
633,2007226.9729129502
635,2007226.9729129502
636,2007226.9729129502
637,2007226.9729129502
638,45.18843044369082
639,41.14314254479788
640,2007226.9729129502
641,44.12251305660811
642,41.418590557592154
643,2007226.9729129502
644,2007226.9729129502
645,40.57861990659005
646,41.70957956680483
647,2007226.9729129502
649,39.397527982854456
650,2007226.9729129502
651,45.821106663636634
652,38.358860966449775
653,40.032722827132254
654,2007226.9729129502
655,2007226.9729129502
656,2007226.9729129502
657,2007226.9729129502
658,42.71029557984762
659,2007226.9729129502
660,2007226.9729129502
661,40.51090112366316
662,2007226.9729129502
663,2007226.9729129502
664,2007226.9729129502
665,2007226.9729129502
666,2007226.9729129502
667,2007226.9729129502
668,2007226.9729129502
669,2007226.9729129502
671,43.79100785716213
672,2007226.9729129502
673,2007226.9729129502
674,2007226.9729129502
675,2007226.9729129502
676,2007226.9729129502
677,2007226.9729129502
678,36.980788071792034
679,2007226.9729129502
680,39.754259273666186
681,39.89960019939457
682,38.84131565302073
684,41.17616559607696
685,42.78085729865908
686,40.28781398870943
687,41.88137531597154
688,42.147056861786474
689,39.37366353098299
690,40.51702683454667
691,40.76892066607954
692,2007226.9729129502
694,2007226.9729129502
695,2007226.9729129502
696,41.898590912119474
697,40.03341660632098
698,44.906987861784756
699,2007226.9729129502
700,2007226.9729129502
701,43.00265075853555
702,2007226.9729129502
703,2007226.9729129502
704,2007226.9729129502
705,2007226.9729129502
706,2007226.9729129502
707,2007226.9729129502
708,43.922662808432634
710,38.25701876236231
711,2007226.9729129502
712,40.18359991850773
713,2007226.9729129502
715,2007226.9729129502
716,41.31520780572863
717,2007226.9729129502
718,36.07202130656377
719,2007226.9729129502
720,2007226.9729129502
721,2007226.9729129502
722,2007226.9729129502
723,41.78808516540502
724,2007226.9729129502
725,2007226.9729129502
727,2007226.9729129502
728,38.28081019841274
729,2007226.9729129502
730,2007226.9729129502
731,2007226.9729129502
732,2007226.9729129502
733,2007226.9729129502
734,40.65048110434124
735,40.26772388406602
737,2007226.9729129502
738,40.61643971023375
739,2007226.9729129502
740,40.901437025007475
741,47.44998255961918
742,2007226.9729129502
743,2007226.9729129502
744,2007226.9729129502
745,43.14981857117415
746,2007226.9729129502
747,2007226.9729129502
748,2007226.9729129502
749,2007226.9729129502
750,2007226.9729129502
751,42.442450268724876
752,38.8836100141823
754,39.37525459041348
755,2007226.9729129502
756,2007226.9729129502
757,2007226.9729129502
758,2007226.9729129502
759,2007226.9729129502
760,2007226.9729129502
761,2007226.9729129502
762,2007226.9729129502
763,39.593118777914725
764,2007226.9729129502
765,2007226.9729129502
766,2007226.9729129502
767,2007226.9729129502
768,2007226.9729129502
769,37.887992817273656
770,44.97739827974146
771,34.676113965619045
772,2007226.9729129502
773,2007226.9729129502
774,2007226.9729129502
775,2007226.9729129502
776,41.006979889688395
777,41.966333146571664
778,42.270018927729865
779,44.34535093456273
780,2007226.9729129502
781,2007226.9729129502
782,41.346724824571304
783,2007226.9729129502
784,41.24883546790591
785,2007226.9729129502
786,40.674789300137846
788,2007226.9729129502
789,2007226.9729129502
790,2007226.9729129502
791,2007226.9729129502
792,40.86822490949588
793,45.50383746869268
794,2007226.9729129502
795,2007226.9729129502
796,2007226.9729129502
797,39.52522970001175
798,2007226.9729129502
799,2007226.9729129502
800,2007226.9729129502
801,2007226.9729129502
802,2007226.9729129502
803,41.010680888426755
804,2007226.9729129502
805,2007226.9729129502
806,45.92456392624576
807,2007226.9729129502
808,2007226.9729129502
809,2007226.9729129502
810,40.711231155766725
812,45.318237943269025
813,2007226.9729129502
814,40.1100715641047
815,2007226.9729129502
816,2007226.9729129502
817,44.4355465482891
818,2007226.9729129502
819,2007226.9729129502
820,2007226.9729129502
821,2007226.9729129502
823,2007226.9729129502
824,41.38824635114334
825,37.0549296113426
826,2007226.9729129502
827,2007226.9729129502
828,2007226.9729129502
829,2007226.9729129502
830,34.81406442574665
831,2007226.9729129502
832,2007226.9729129502
833,2007226.9729129502
834,2007226.9729129502
835,2007226.9729129502
836,43.06772683190499
837,44.34132434083521
838,2007226.9729129502
839,41.513643715957656
840,2007226.9729129502
841,2007226.9729129502
842,37.39081322277625
843,2007226.9729129502
844,41.54248304894356
845,2007226.9729129502
846,2007226.9729129502
847,2007226.9729129502
848,40.03174809712392
849,2007226.9729129502
850,43.23768634911299
851,37.44287713232693
852,2007226.9729129502
853,43.415410514116836
854,2007226.9729129502
855,2007226.9729129502
856,2007226.9729129502
857,2007226.9729129502
858,2007226.9729129502
859,2007226.9729129502
860,2007226.9729129502
861,41.63453173022008
862,2007226.9729129502
863,2007226.9729129502
864,2007226.9729129502
865,42.10020886465264
866,40.422537732143766
867,2007226.9729129502
868,44.790580432295165
869,2007226.9729129502
870,2007226.9729129502
871,41.41945704415273
872,42.069223962113085
873,2007226.9729129502
874,37.84525533477751
875,39.7310361252153
876,2007226.9729129502
877,40.405556063554364
878,2007226.9729129502
879,43.41275536501503
880,2007226.9729129502
881,41.51546124887554
883,41.07132365597767
884,39.62855034824945
885,2007226.9729129502
886,2007226.9729129502
887,2007226.9729129502
888,2007226.9729129502
889,2007226.9729129502
890,2007226.9729129502
891,38.71491274313091
892,44.27100740600911
893,40.99524202814297
894,2007226.9729129502
895,2007226.9729129502
896,2007226.9729129502
897,2007226.9729129502
898,2007226.9729129502
899,2007226.9729129502
900,39.89270567664855
902,2007226.9729129502
903,40.005338534315506
905,42.818278364479625
906,2007226.9729129502
907,41.71234156833838
908,45.00992415131625
909,2007226.9729129502
911,40.32045038590577
912,2007226.9729129502
913,2007226.9729129502
914,2007226.9729129502
915,2007226.9729129502
916,40.093800489272425
917,44.21396212068945
918,2007226.9729129502
919,40.027858656930825
920,2007226.9729129502
921,2007226.9729129502
922,40.18503026872865
923,39.43455391038738
924,2007226.9729129502
925,40.26315398708851
926,2007226.9729129502
927,2007226.9729129502
928,2007226.9729129502
929,2007226.9729129502
930,42.96414056627481
931,42.83796510388157
932,39.55234143696274
933,2007226.9729129502
934,2007226.9729129502
935,2007226.9729129502
936,38.20211312040054
937,40.13915700797427
938,38.826350636532446
939,2007226.9729129502
940,2007226.9729129502
941,2007226.9729129502
942,2007226.9729129502
943,2007226.9729129502
944,2007226.9729129502
945,37.36128740353079
946,2007226.9729129502
947,42.555709461159736
948,39.14544092865643
949,2007226.9729129502
950,2007226.9729129502
951,42.703364193388765
952,2007226.9729129502
954,2007226.9729129502
955,2007226.9729129502
957,2007226.9729129502
958,41.49939947076837
959,2007226.9729129502
960,2007226.9729129502
961,2007226.9729129502
962,40.80704797627352
963,41.238508849080546
964,39.285033964396604
965,40.777174235093355
966,2007226.9729129502
967,37.39197969994455
968,38.726494099983896
969,2007226.9729129502
970,41.91047798805009
972,2007226.9729129502
973,42.16933649108229
974,2007226.9729129502
975,43.99595283283415
976,2007226.9729129502
977,2007226.9729129502
978,2007226.9729129502
979,2007226.9729129502
980,2007226.9729129502
981,2007226.9729129502
982,2007226.9729129502
983,2007226.9729129502
984,38.76438912298255
985,39.413889885336026
986,37.252105371465426
987,2007226.9729129502
988,2007226.9729129502
989,2007226.9729129502
990,2007226.9729129502
991,42.26952986249548
992,46.38414155037003
993,2007226.9729129502
994,2007226.9729129502
995,2007226.9729129502
996,2007226.9729129502
997,44.16032048509831
998,2007226.9729129502
999,2007226.9729129502
1000,2007226.9729129502
1002,2007226.9729129502
1004,2007226.9729129502
1005,2007226.9729129502
1006,40.421423508195495
1007,2007226.9729129502
1009,2007226.9729129502
1011,39.757268072871156
1012,41.22540587086378
1013,38.87510117096945
1014,2007226.9729129502
1015,42.49546263941461
1016,2007226.9729129502
1019,2007226.9729129502
1020,39.25099964208532
1021,2007226.9729129502
1022,2007226.9729129502
1023,2007226.9729129502
1024,2007226.9729129502
1025,2007226.9729129502
1026,2007226.9729129502
1027,2007226.9729129502
1028,2007226.9729129502
1029,2007226.9729129502
1030,2007226.9729129502
1031,2007226.9729129502
1032,2007226.9729129502
1033,40.91619330038495
1034,2007226.9729129502
1035,2007226.9729129502
1037,2007226.9729129502
1038,2007226.9729129502
1039,2007226.9729129502
1040,2007226.9729129502
1041,2007226.9729129502
1042,42.611291265145866
1043,2007226.9729129502
1044,2007226.9729129502
1045,41.26705694441961
1046,42.99863183834448
1048,2007226.9729129502
1049,2007226.9729129502
1050,2007226.9729129502
1051,2007226.9729129502
1052,40.23248282254848
1053,2007226.9729129502
1054,2007226.9729129502
1056,41.55772972747912
1057,2007226.9729129502
1058,42.716399559242014
1059,2007226.9729129502
1060,2007226.9729129502
1062,41.6488567458002
1063,2007226.9729129502
1064,2007226.9729129502
1065,40.6268851748832
1066,38.20443991928268
1067,2007226.9729129502
1068,41.29592191196262
1069,2007226.9729129502
1070,2007226.9729129502
1071,2007226.9729129502
1072,2007226.9729129502
1073,39.446562350716206
1074,43.41120041500061
1075,2007226.9729129502
1076,2007226.9729129502
1079,43.039758788654765
1080,37.57124971176489
1081,2007226.9729129502
1082,2007226.9729129502
1083,36.786607502008124
1084,2007226.9729129502
1086,2007226.9729129502
1087,2007226.9729129502
1088,2007226.9729129502
1089,44.69023680401588
1091,2007226.9729129502
1092,40.9154878739884
1093,2007226.9729129502
1094,45.47688503792277
1095,2007226.9729129502
1096,39.53966751862603
1098,2007226.9729129502
1099,2007226.9729129502
1100,2007226.9729129502
1101,2007226.9729129502
1102,2007226.9729129502
1103,2007226.9729129502
1104,2007226.9729129502
1105,42.145182561531996
1106,2007226.9729129502
1107,37.891920449854474
1108,43.17876019231832
1109,42.9166777127861
1110,2007226.9729129502
1111,40.80223340675224
1112,2007226.9729129502
1113,2007226.9729129502
1114,2007226.9729129502
1115,34.871422374413555
1117,44.043221196664106
1118,41.820831851457285
1119,40.5187465778241
1120,2007226.9729129502
1121,2007226.9729129502
1122,40.153311103616645
1123,2007226.9729129502
1124,41.74883254535425
1126,2007226.9729129502
1127,43.23806401351315
1128,2007226.9729129502
1129,43.3359978991192
1130,2007226.9729129502
1131,2007226.9729129502
1132,38.15175565401746
1134,40.03720842236537
1136,44.273627061123236
1137,42.5445585288176
1138,39.80098460086681
1139,2007226.9729129502
1140,2007226.9729129502
1141,40.37041148803385
1142,2007226.9729129502
1143,41.36488963540753
1144,41.11046269250893
1145,2007226.9729129502
1147,2007226.9729129502
1148,41.469279684016705
1149,2007226.9729129502
1150,37.29466864150573
1151,2007226.9729129502
1152,2007226.9729129502
1153,2007226.9729129502
1154,2007226.9729129502
1155,44.41835911820083
1158,39.63921200425075
1159,2007226.9729129502
1160,2007226.9729129502
1161,2007226.9729129502
1162,2007226.9729129502
1163,2007226.9729129502
1164,2007226.9729129502
1166,2007226.9729129502
1167,2007226.9729129502
1169,2007226.9729129502
1170,43.69612694929566
1171,43.986812086404996
1172,41.60725574105966
1173,39.64666884764702
1174,38.27783218049316
1175,2007226.9729129502
1176,2007226.9729129502
1177,2007226.9729129502
1178,2007226.9729129502
1179,38.410621274957556
1180,39.933144137004504
1181,40.81139544657928
1182,2007226.9729129502
1183,2007226.9729129502
1184,2007226.9729129502
1185,42.48926566561035
1186,2007226.9729129502
1187,2007226.9729129502
1188,2007226.9729129502
1189,2007226.9729129502
1190,2007226.9729129502
1191,2007226.9729129502
1192,2007226.9729129502
1193,2007226.9729129502
1194,39.914281774026065
1195,2007226.9729129502
1196,2007226.9729129502
1197,2007226.9729129502
1198,42.53373385275906
1199,38.844478732858704
1201,2007226.9729129502
1202,2007226.9729129502
1203,2007226.9729129502
1204,2007226.9729129502
1205,2007226.9729129502
1206,2007226.9729129502
1207,39.61296412628421
1209,2007226.9729129502
1210,2007226.9729129502
1211,40.04969780650934
1212,2007226.9729129502
1213,43.9872071160362
1214,2007226.9729129502
1215,2007226.9729129502
1216,2007226.9729129502
1217,2007226.9729129502
1218,40.80083779284952
1219,43.85801584082894
1220,2007226.9729129502
1221,2007226.9729129502
1222,44.39774093367822
1223,2007226.9729129502
1224,41.690820521586616
1225,2007226.9729129502
1226,2007226.9729129502
1227,2007226.9729129502
1228,45.733603332574646
1229,2007226.9729129502
1230,2007226.9729129502
1231,44.450061809752775
1232,2007226.9729129502
1233,2007226.9729129502
1235,2007226.9729129502
1236,2007226.9729129502
1237,2007226.9729129502
1238,2007226.9729129502
1239,2007226.9729129502
1240,2007226.9729129502
1242,2007226.9729129502
1243,2007226.9729129502
1244,2007226.9729129502
1245,2007226.9729129502
1246,2007226.9729129502
1247,35.506825028904885
1248,2007226.9729129502
1249,2007226.9729129502
1250,2007226.9729129502
1251,2007226.9729129502
1252,39.45475688913976
1253,2007226.9729129502
1254,42.10843443717311
1255,2007226.9729129502
1256,2007226.9729129502
1257,2007226.9729129502
1258,42.04621334859467
1260,2007226.9729129502
1261,41.34026561231286
1262,42.77676252386732
1263,2007226.9729129502
1264,40.55897119514572
1265,2007226.9729129502
1266,43.82209654280695
1267,2007226.9729129502
1268,2007226.9729129502
1269,2007226.9729129502
1270,40.00040712576228
1272,43.60186975625504
1273,2007226.9729129502
1274,2007226.9729129502
1276,39.75961714536727
1277,41.28979651412966
1278,40.66836963866321
1279,2007226.9729129502
1280,38.08676916186369
1281,2007226.9729129502
1283,2007226.9729129502
1284,42.97083045964679
1285,2007226.9729129502
1286,35.101292564201145
1287,2007226.9729129502
1288,43.1444999410424
1289,2007226.9729129502
1290,40.29188715021747
1291,2007226.9729129502
1293,39.407756146545296
1294,40.021974876610436
1295,2007226.9729129502
1296,2007226.9729129502
1298,2007226.9729129502
1299,2007226.9729129502
1300,2007226.9729129502
1301,2007226.9729129502
1302,2007226.9729129502
1303,2007226.9729129502
1304,41.848724899171046
1305,2007226.9729129502
1306,2007226.9729129502
1307,39.002080664129124
1309,2007226.9729129502
1310,40.84457031333332
1311,39.37355708581563
1312,2007226.9729129502
1314,34.86564509830512
1316,40.857649998834205
1318,2007226.9729129502
1319,2007226.9729129502
1322,2007226.9729129502
1323,35.536642407235796
1324,36.37895532766268
1325,39.90010434656327
1327,2007226.9729129502
1328,41.93350018779505
1329,2007226.9729129502
1330,2007226.9729129502
1331,36.32341207733053
1332,2007226.9729129502
1333,44.07539613628002
1334,2007226.9729129502
1335,2007226.9729129502
1336,2007226.9729129502
1337,41.06064025171118
1338,42.31081728249259
1339,38.35687165305284
1340,2007226.9729129502
1341,43.78722624364236
1342,2007226.9729129502
1343,2007226.9729129502
1344,2007226.9729129502
1345,2007226.9729129502
1346,41.066088878116894
1347,2007226.9729129502
1348,49.10317011460202
1349,2007226.9729129502
1350,2007226.9729129502
1351,40.26614001906994
1352,2007226.9729129502
1354,2007226.9729129502
1355,37.10153297835387
1356,40.587846380879284
1357,2007226.9729129502
1358,2007226.9729129502
1359,2007226.9729129502
1360,43.512930739151585
1361,2007226.9729129502
1362,2007226.9729129502
1363,2007226.9729129502
1364,2007226.9729129502
1365,41.567732061702756
1366,2007226.9729129502
1367,2007226.9729129502
1368,38.0049578846162
1369,2007226.9729129502
1370,43.25335213981502
1371,42.49418460241831
1372,2007226.9729129502
1373,2007226.9729129502
1374,2007226.9729129502
1375,2007226.9729129502
1376,2007226.9729129502
1377,40.7474978129115
1378,43.163196616936716
1379,2007226.9729129502
1380,2007226.9729129502
1381,38.44310461445612
1382,40.02937902227369
1383,2007226.9729129502
1384,2007226.9729129502
1385,2007226.9729129502
1387,2007226.9729129502
1388,48.18923672331737
1389,40.15541747966807
1390,41.648273619124375
1391,2007226.9729129502
1393,2007226.9729129502
1394,2007226.9729129502
1395,2007226.9729129502
1397,39.560181202674244
1398,40.02914343912349
1399,2007226.9729129502
1400,38.528449809635525
1401,2007226.9729129502
1402,40.86729078628922
1404,43.95544776782059
1405,2007226.9729129502
1406,2007226.9729129502
1407,2007226.9729129502
1408,48.19366722241263
1409,39.75401785718232
1410,2007226.9729129502
1411,42.369707065844025
1412,41.438173586876104
1413,2007226.9729129502
1414,40.60000885910456
1415,2007226.9729129502
1416,2007226.9729129502
1417,2007226.9729129502
1418,2007226.9729129502
1419,41.21612414812473
1421,2007226.9729129502
1422,40.29902434549844
1423,2007226.9729129502
1424,2007226.9729129502
1425,2007226.9729129502
1426,2007226.9729129502
1427,2007226.9729129502
1428,2007226.9729129502
1429,37.153676087678754
1430,38.67281727684912
1432,2007226.9729129502
1433,43.489854300633795
1434,36.64274058025915
1435,2007226.9729129502
1436,2007226.9729129502
1437,41.53935926561901
1438,41.63980997881795
1439,2007226.9729129502
1440,2007226.9729129502
1441,42.850211689121664
1442,40.06103794119093
1443,2007226.9729129502
1444,42.90674405293619
1445,2007226.9729129502
1446,2007226.9729129502
1447,43.516107406703924
1449,39.7820981129629
1450,38.24549423170585
1451,2007226.9729129502
1452,2007226.9729129502
1453,2007226.9729129502
1454,2007226.9729129502
1455,2007226.9729129502
1456,2007226.9729129502
1457,40.429890181129416
1458,2007226.9729129502
1459,47.27029922864043
1460,2007226.9729129502
1461,42.80054840358025
1462,2007226.9729129502
1463,41.19213997561096
1464,2007226.9729129502
1465,2007226.9729129502
1466,2007226.9729129502
1467,2007226.9729129502
1468,2007226.9729129502
1469,2007226.9729129502
1470,2007226.9729129502
1471,2007226.9729129502
1472,2007226.9729129502
1473,2007226.9729129502
1474,2007226.9729129502
1475,2007226.9729129502
1476,2007226.9729129502
1477,44.53357938394185
1478,43.783787674019266
1479,41.95608196413217
1480,40.28797735167193
1481,2007226.9729129502
1483,2007226.9729129502
1485,39.47060774825118
1486,2007226.9729129502
1487,2007226.9729129502
1488,2007226.9729129502
1489,2007226.9729129502
1490,2007226.9729129502
1491,42.71460255626556
1492,2007226.9729129502
1494,2007226.9729129502
1496,2007226.9729129502
1497,2007226.9729129502
1498,40.88309157082792
1499,2007226.9729129502
1500,2007226.9729129502
1501,2007226.9729129502
1502,42.35024664621991
1503,43.75322327989626
1504,2007226.9729129502
1505,42.24362492739451
1506,2007226.9729129502
1507,42.63798873757555
1508,44.21299714855732
1509,2007226.9729129502
1510,2007226.9729129502
1511,2007226.9729129502
1512,2007226.9729129502
1513,35.13526152940368
1514,2007226.9729129502
1515,2007226.9729129502
1516,2007226.9729129502
1517,2007226.9729129502
1518,2007226.9729129502
1519,41.27939322019114
1520,2007226.9729129502
1521,2007226.9729129502
1522,2007226.9729129502
1523,42.00314931457986
1524,2007226.9729129502
1525,2007226.9729129502
1526,2007226.9729129502
1527,2007226.9729129502
1528,39.94556384395938
1529,40.21685066776182
1530,2007226.9729129502
1531,2007226.9729129502
1532,2007226.9729129502
1533,2007226.9729129502
1535,2007226.9729129502
1536,39.02654485641324
1538,42.403352419238594
1539,2007226.9729129502
1540,40.85878048890309
1541,2007226.9729129502
1542,2007226.9729129502
1543,2007226.9729129502
1544,2007226.9729129502
1545,2007226.9729129502
1546,2007226.9729129502
1548,2007226.9729129502
1550,2007226.9729129502
1551,2007226.9729129502
1552,2007226.9729129502
1553,2007226.9729129502
1554,37.76921964997726
1555,2007226.9729129502
1556,2007226.9729129502
1557,2007226.9729129502
1558,2007226.9729129502
1559,43.878795939921545
1560,2007226.9729129502
1561,2007226.9729129502
1562,41.387546977744
1563,42.08555853396094
1564,2007226.9729129502
1565,2007226.9729129502
1566,2007226.9729129502
1567,2007226.9729129502
1568,2007226.9729129502
1569,2007226.9729129502
1570,2007226.9729129502
1571,2007226.9729129502
1572,2007226.9729129502
1573,41.11020457762537
1574,2007226.9729129502
1575,2007226.9729129502
1576,2007226.9729129502
1577,40.575632345112794
1578,36.99792945286439
1579,2007226.9729129502
1580,2007226.9729129502
1581,2007226.9729129502
1582,2007226.9729129502
1583,2007226.9729129502
1584,2007226.9729129502
1585,2007226.9729129502
1586,40.52854104372064
1587,2007226.9729129502
1588,42.55813663655157
1589,2007226.9729129502
1590,2007226.9729129502
1591,2007226.9729129502
1592,2007226.9729129502
1593,2007226.9729129502
1594,37.43677941711092
1597,39.90812290029387
1598,2007226.9729129502
1599,2007226.9729129502
1600,2007226.9729129502
1601,48.905991942857476
1602,2007226.9729129502
1603,2007226.9729129502
1604,2007226.9729129502
1605,43.89911556394773
1606,41.368736294764275
1607,2007226.9729129502
1608,36.807686333885854
1609,2007226.9729129502
1610,2007226.9729129502
1611,41.32531938020604
1613,2007226.9729129502
1614,2007226.9729129502
1615,44.30158901714508
1616,39.741207446352405
1617,2007226.9729129502
1618,39.91220570746846
1619,38.42338785149096
1620,2007226.9729129502
1621,41.62438483659413
1622,2007226.9729129502
1623,2007226.9729129502
1624,2007226.9729129502
1625,2007226.9729129502
1626,2007226.9729129502
1627,42.15792729045246
1629,2007226.9729129502
1630,43.08546526788915
1631,2007226.9729129502
1632,42.25778246466945
1633,41.335337876133295
1635,2007226.9729129502
1636,2007226.9729129502
1637,2007226.9729129502
1639,39.594387142335
1642,41.963848239788746
1643,40.12824677528032
1644,41.05186830010052
1646,2007226.9729129502
1647,2007226.9729129502
1648,2007226.9729129502
1649,40.92930455542638
1650,2007226.9729129502
1652,41.32109320958949
1654,37.36851342552786
1655,39.903909790836494
1656,2007226.9729129502
1657,2007226.9729129502
1658,2007226.9729129502
1659,2007226.9729129502
1660,39.44666196373514
1661,2007226.9729129502
1662,2007226.9729129502
1663,2007226.9729129502
1664,2007226.9729129502
1665,2007226.9729129502
1666,2007226.9729129502
1667,42.5229951656821
1668,2007226.9729129502
1669,44.52623692842644
1670,2007226.9729129502
1671,37.84481887195683
1672,2007226.9729129502
1673,39.64953301663991
1674,40.72324705096959
1675,2007226.9729129502
1676,2007226.9729129502
1677,2007226.9729129502
1678,2007226.9729129502
1679,43.70202516667351
1681,2007226.9729129502
1682,2007226.9729129502
1683,43.23288194295889
1685,2007226.9729129502
1687,2007226.9729129502
1688,2007226.9729129502
1689,38.275146215894175
1690,2007226.9729129502
1691,2007226.9729129502
1692,2007226.9729129502
1693,43.032567596668684
1694,2007226.9729129502
1695,38.4718707025918
1696,2007226.9729129502
1697,2007226.9729129502
1698,40.941026817760495
1699,2007226.9729129502
1700,41.692094502789146
1701,43.760884641939306
1702,40.44435261078671
1703,2007226.9729129502
1704,2007226.9729129502
1705,2007226.9729129502
1706,2007226.9729129502
1707,42.293521304426996
1708,2007226.9729129502
1709,41.717804115334005
1710,39.425386092400075
1711,2007226.9729129502
1712,2007226.9729129502
1713,2007226.9729129502
1714,41.6248762703414
1715,2007226.9729129502
1716,2007226.9729129502
1717,43.41730469017748
1718,45.56257522943683
1719,39.66534482119928
1720,2007226.9729129502
1721,2007226.9729129502
1722,2007226.9729129502
1723,2007226.9729129502
1724,2007226.9729129502
1726,2007226.9729129502
1727,42.11356289263259
1728,41.31722681784254
1729,43.82295980404296
1730,2007226.9729129502
1731,42.0963855998122
1732,2007226.9729129502
1733,2007226.9729129502
1734,2007226.9729129502
1735,2007226.9729129502
1736,2007226.9729129502
1737,40.206132376983376
1739,2007226.9729129502
1740,35.29612939527843
1741,42.005138221260516
1742,2007226.9729129502
1743,39.640256130151364
1744,37.77235568566938
1745,2007226.9729129502
1746,39.57421482245236
1747,39.87163552596286
1750,2007226.9729129502
1753,38.69203612161349
1754,2007226.9729129502
1755,2007226.9729129502
1756,37.64217888064692
1757,2007226.9729129502
1758,2007226.9729129502
1759,2007226.9729129502
1760,39.579538182271605
1761,41.110812595243786
1762,42.0968787138528
1763,2007226.9729129502
1764,2007226.9729129502
1765,2007226.9729129502
1766,2007226.9729129502
1767,2007226.9729129502
1768,39.93885523199846
1770,2007226.9729129502
1771,2007226.9729129502
1772,2007226.9729129502
1773,36.24564162322122
1774,33.247662706588514
1775,2007226.9729129502
1776,2007226.9729129502
1777,41.848958871313485
1778,2007226.9729129502
1779,2007226.9729129502
1780,2007226.9729129502
1781,2007226.9729129502
1782,2007226.9729129502
1783,2007226.9729129502
1784,2007226.9729129502
1785,2007226.9729129502
1786,2007226.9729129502
1787,2007226.9729129502
1789,2007226.9729129502
1790,2007226.9729129502
1791,43.90847354907081
1792,39.360643127614665
1793,2007226.9729129502
1794,40.58061675654232
1795,2007226.9729129502
1796,2007226.9729129502
1797,2007226.9729129502
1798,2007226.9729129502
1799,2007226.9729129502
1800,2007226.9729129502
1801,2007226.9729129502
1802,40.494594892617314
1803,43.747126830767854
1804,2007226.9729129502
1805,2007226.9729129502
1806,2007226.9729129502
1807,2007226.9729129502
1808,43.27034382285139
1810,39.33019515689895
1811,2007226.9729129502
1813,42.98023386629356
1814,41.93896372762077
1816,2007226.9729129502
1817,43.23314333280081
1818,37.55726881525837
1819,2007226.9729129502
1820,2007226.9729129502
1821,2007226.9729129502
1822,42.805988920509485
1823,2007226.9729129502
1824,42.09914454311891
1825,2007226.9729129502
1826,2007226.9729129502
1827,2007226.9729129502
1828,2007226.9729129502
1829,2007226.9729129502
1830,41.28796491543973
1832,2007226.9729129502
1833,2007226.9729129502
1834,2007226.9729129502
1835,44.026292878156525
1836,2007226.9729129502
1837,2007226.9729129502
1839,2007226.9729129502
1840,46.56422904068214
1841,42.818770362028225
1842,43.22757424295944
1843,2007226.9729129502
1844,42.364340784969144
1846,2007226.9729129502
1847,2007226.9729129502
1848,41.71951289080266
1849,2007226.9729129502
1850,39.113312455355384
1852,2007226.9729129502
1853,2007226.9729129502
1854,2007226.9729129502
1855,2007226.9729129502
1856,2007226.9729129502
1857,2007226.9729129502
1858,2007226.9729129502
1859,39.89521889043749
1860,37.262596864685996
1861,2007226.9729129502
1862,2007226.9729129502
1864,2007226.9729129502
1865,37.183373150637195
1866,38.1623233030063
1867,40.070587347445446
1868,2007226.9729129502
1869,2007226.9729129502
1870,36.26135356696542
1871,2007226.9729129502
1872,2007226.9729129502
1873,44.29432415355079
1874,2007226.9729129502
1875,2007226.9729129502
1876,2007226.9729129502
1877,2007226.9729129502
1878,2007226.9729129502
1879,37.845166050151754
1880,2007226.9729129502
1881,2007226.9729129502
1882,2007226.9729129502
1884,2007226.9729129502
1886,2007226.9729129502
1887,2007226.9729129502
1888,2007226.9729129502
1889,40.05842736048125
1890,2007226.9729129502
1891,44.675579850983716
1892,2007226.9729129502
1893,2007226.9729129502
1894,2007226.9729129502
1895,2007226.9729129502
1896,2007226.9729129502
1897,2007226.9729129502
1898,2007226.9729129502
1899,2007226.9729129502
1900,44.396460862118246
1901,2007226.9729129502
1902,39.841472873230636
1903,2007226.9729129502
1904,2007226.9729129502
1905,2007226.9729129502
1906,2007226.9729129502
1907,42.77350563990231
1909,2007226.9729129502
1910,2007226.9729129502
1911,2007226.9729129502
1912,2007226.9729129502
1914,2007226.9729129502
1915,38.130727577841796
1916,2007226.9729129502
1917,2007226.9729129502
1918,2007226.9729129502
1920,2007226.9729129502
1921,38.453971317980944
1922,2007226.9729129502
1923,2007226.9729129502
1924,38.21993950953852
1925,41.65563281875289
1926,2007226.9729129502
1927,2007226.9729129502
1928,2007226.9729129502
1929,2007226.9729129502
1931,2007226.9729129502
1932,2007226.9729129502
1933,42.13332987151284
1934,2007226.9729129502
1935,2007226.9729129502
1936,41.44977348720633
1937,2007226.9729129502
1938,2007226.9729129502
1939,2007226.9729129502
1940,2007226.9729129502
1941,39.02849170192485
1942,2007226.9729129502
1943,2007226.9729129502
1944,42.28958280379678
1945,2007226.9729129502
1946,39.542666235701304
1947,2007226.9729129502
1948,2007226.9729129502
1949,2007226.9729129502
1950,2007226.9729129502
1951,2007226.9729129502
1953,2007226.9729129502
1954,2007226.9729129502
1956,2007226.9729129502
1957,2007226.9729129502
1958,42.83594604483943
1959,2007226.9729129502
1960,2007226.9729129502
1961,2007226.9729129502
1963,40.176336843459254
1964,2007226.9729129502
1965,2007226.9729129502
1966,2007226.9729129502
1967,2007226.9729129502
1968,2007226.9729129502
1969,42.38566865975116
1970,40.74665278549006
1971,2007226.9729129502
1973,42.27723269547145
1974,2007226.9729129502
1975,2007226.9729129502
1976,40.45169021823036
1977,2007226.9729129502
1978,44.15310436191851
1979,2007226.9729129502
1980,40.451184974505324
1981,43.207634393482905
1982,2007226.9729129502
1983,2007226.9729129502
1984,41.39959679396225
1985,2007226.9729129502
1986,44.41211294071853
1987,2007226.9729129502
1988,2007226.9729129502
1989,2007226.9729129502
1990,2007226.9729129502
1991,38.17531500956001
1992,38.16930821644444
1993,2007226.9729129502
1994,37.5535626400065
1995,2007226.9729129502
1996,2007226.9729129502
1997,2007226.9729129502
1998,2007226.9729129502
1999,2007226.9729129502
2000,2007226.9729129502
2001,2007226.9729129502
2002,2007226.9729129502
2003,2007226.9729129502
2004,2007226.9729129502
2006,2007226.9729129502
2007,2007226.9729129502
2008,2007226.9729129502
2009,2007226.9729129502
2010,39.16859999031627
2011,2007226.9729129502
2012,41.32328413660295
2013,42.711057628563964
2014,2007226.9729129502
2015,2007226.9729129502
2017,2007226.9729129502
2018,2007226.9729129502
2019,42.476161139023844
2020,2007226.9729129502
2021,2007226.9729129502
2022,2007226.9729129502
2023,2007226.9729129502
2024,2007226.9729129502
2025,2007226.9729129502
2026,2007226.9729129502
2027,2007226.9729129502
2028,34.356675073722144
2029,2007226.9729129502
2032,42.17074693829019
2033,2007226.9729129502
2034,39.09114703004949
2035,2007226.9729129502
2036,45.39255675078516
2039,2007226.9729129502
2040,40.17476071849471
2041,39.36336596149819
2042,2007226.9729129502
2043,2007226.9729129502
2044,2007226.9729129502
2045,38.289706439095326
2047,40.59511501707494
2048,2007226.9729129502
2049,2007226.9729129502
2050,2007226.9729129502
2051,2007226.9729129502
2052,2007226.9729129502
2053,2007226.9729129502
2054,2007226.9729129502
2055,43.456580151635826
2057,43.69892873548428
2058,2007226.9729129502
2059,39.85082490928784
2060,2007226.9729129502
2061,2007226.9729129502
2062,42.09159466158198
2064,2007226.9729129502
2065,2007226.9729129502
2066,2007226.9729129502
2067,2007226.9729129502
2068,2007226.9729129502
2069,2007226.9729129502
2070,2007226.9729129502
2071,2007226.9729129502
2072,2007226.9729129502
2073,2007226.9729129502
2074,43.26780390012664
2076,38.41115463448318
2077,41.555683903288056
2078,2007226.9729129502
2079,42.03663466153891
2080,40.464257046836494
2081,2007226.9729129502
2082,2007226.9729129502
2083,2007226.9729129502
2084,40.87087213448601
2085,2007226.9729129502
2086,2007226.9729129502
2087,2007226.9729129502
2088,2007226.9729129502
2089,2007226.9729129502
2090,2007226.9729129502
2091,2007226.9729129502
2092,2007226.9729129502
2093,2007226.9729129502
2094,2007226.9729129502
2095,2007226.9729129502
2096,2007226.9729129502
2097,2007226.9729129502
2098,42.060635933579455
2099,2007226.9729129502
2100,39.05995089840461
2101,40.33468366480729
2102,2007226.9729129502
2103,2007226.9729129502
2104,36.99038620204496
2105,39.86336054138314
2106,42.73313219078126
2107,2007226.9729129502
2108,43.555559146137185
2109,2007226.9729129502
2110,2007226.9729129502
2111,2007226.9729129502
2112,2007226.9729129502
2113,2007226.9729129502
2114,44.60979816701536
2115,2007226.9729129502
2116,2007226.9729129502
2117,2007226.9729129502
2118,40.75972122368003
2119,2007226.9729129502
2120,2007226.9729129502
2121,2007226.9729129502
2122,2007226.9729129502
2123,2007226.9729129502
2124,2007226.9729129502
2125,43.08580616760876
2126,2007226.9729129502
2127,2007226.9729129502
2128,2007226.9729129502
2129,37.95038023833101
2130,2007226.9729129502
2132,40.408798514375775
2133,2007226.9729129502
2134,2007226.9729129502
2135,39.67072700321433
2136,43.76796823859956
